"x_start","y_start","x_end","y_end","ctrl_x","ctrl_y","type","color","end_color","color_type","gradient_position","width","alpha","arrow","arrow_type","arrow_size","lavaan"
-12.9942824005178,2.14760800172597,-10.5057175994822,-6.14760800172597,NA,NA,"Lavaan","#000000","#000000","Single",NA,1,1,TRUE,"closed",0.1,TRUE
-9.5,2,-9.5,-6,NA,NA,"Lavaan","#000000","#000000","Single",NA,1,1,TRUE,"closed",0.1,TRUE
-6.00571759948221,2.14760800172597,-8.49428240051779,-6.14760800172597,NA,NA,"Lavaan","#000000","#000000","Single",NA,1,1,TRUE,"closed",0.1,TRUE
0.505717599482209,2.14760800172597,2.99428240051779,-6.14760800172597,NA,NA,"Lavaan","#000000","#000000","Single",NA,1,1,TRUE,"closed",0.1,TRUE
4,2,4,-6,NA,NA,"Lavaan","#000000","#000000","Single",NA,1,1,TRUE,"closed",0.1,TRUE
7.49428240051779,2.14760800172597,5.00571759948221,-6.14760800172597,NA,NA,"Lavaan","#000000","#000000","Single",NA,1,1,TRUE,"closed",0.1,TRUE
14.0057175994822,2.14760800172597,16.4942824005178,-6.14760800172597,NA,NA,"Lavaan","#000000","#000000","Single",NA,1,1,TRUE,"closed",0.1,TRUE
17.5,2,17.5,-6,NA,NA,"Lavaan","#000000","#000000","Single",NA,1,1,TRUE,"closed",0.1,TRUE
20.9942824005178,2.14760800172597,18.5057175994822,-6.14760800172597,NA,NA,"Lavaan","#000000","#000000","Single",NA,1,1,TRUE,"closed",0.1,TRUE
