"x_start","y_start","x_end","y_end","ctrl_x","ctrl_y","type","color","end_color","color_type","gradient_position","width","alpha","arrow","arrow_type","arrow_size","lavaan"
-12.9080780348479,1.86026011615962,-10.5919219651521,-5.86026011615962,NA,NA,"Lavaan","#000000","#000000","Single",NA,1,1,TRUE,"closed",0.1,TRUE
-9.5,1.7,-9.5,-5.7,NA,NA,"Lavaan","#000000","#000000","Single",NA,1,1,TRUE,"closed",0.1,TRUE
-6.09192196515211,1.86026011615962,-8.40807803484789,-5.86026011615962,NA,NA,"Lavaan","#000000","#000000","Single",NA,1,1,TRUE,"closed",0.1,TRUE
0.591921965152112,1.86026011615962,2.90807803484789,-5.86026011615962,NA,NA,"Lavaan","#000000","#000000","Single",NA,1,1,TRUE,"closed",0.1,TRUE
4,1.7,4,-5.7,NA,NA,"Lavaan","#000000","#000000","Single",NA,1,1,TRUE,"closed",0.1,TRUE
7.40807803484789,1.86026011615962,5.09192196515211,-5.86026011615962,NA,NA,"Lavaan","#000000","#000000","Single",NA,1,1,TRUE,"closed",0.1,TRUE
14.0919219651521,1.86026011615962,16.4080780348479,-5.86026011615962,NA,NA,"Lavaan","#000000","#000000","Single",NA,1,1,TRUE,"closed",0.1,TRUE
17.5,1.7,17.5,-5.7,NA,NA,"Lavaan","#000000","#000000","Single",NA,1,1,TRUE,"closed",0.1,TRUE
20.9080780348479,1.86026011615962,18.5919219651521,-5.86026011615962,NA,NA,"Lavaan","#000000","#000000","Single",NA,1,1,TRUE,"closed",0.1,TRUE
